{"cameraMode":{"drawMode":0,"name":"Shaded","section":"Shading Mode"},"sceneLighting":true,"audioPlay":false,"sceneViewState":{"showFog":true,"showMaterialUpdate":false,"showSkybox":true,"showFlares":true,"showImageEffects":true,"showParticleSystems":true},"in2DMode":false,"pivot":{"x":17.825061798095704,"y":7.491139888763428,"z":17.42849349975586},"rotation":{"x":0.2549835443496704,"y":-0.2828782796859741,"z":0.07828987389802933,"w":0.9213234782218933},"size":28.585248947143556,"orthographic":false}