{"cameraMode":{"drawMode":0,"name":"Shaded","section":"Shading Mode"},"sceneLighting":false,"audioPlay":false,"sceneViewState":{"showFog":true,"showMaterialUpdate":false,"showSkybox":false,"showFlares":true,"showImageEffects":true,"showParticleSystems":true},"in2DMode":false,"pivot":{"x":20.60154914855957,"y":4.915643215179443,"z":-26.772705078125},"rotation":{"x":0.47817885875701907,"y":-0.03030492179095745,"z":0.016475265845656396,"w":0.8775973916053772},"size":6.673877716064453,"orthographic":false}