{"cameraMode":{"drawMode":0,"name":"Shaded","section":"Shading Mode"},"sceneLighting":false,"audioPlay":false,"sceneViewState":{"showFog":true,"showMaterialUpdate":false,"showSkybox":true,"showFlares":true,"showImageEffects":true,"showParticleSystems":true},"in2DMode":false,"pivot":{"x":91.82546997070313,"y":4.65234375,"z":57.469482421875},"rotation":{"x":0.7134341597557068,"y":-0.003153197467327118,"z":0.0032104812562465669,"w":0.700706958770752},"size":25.774662017822267,"orthographic":true}