{"cameraMode":{"drawMode":0,"name":"Shaded","section":"Shading Mode"},"sceneLighting":false,"audioPlay":false,"sceneViewState":{"showFog":true,"showMaterialUpdate":false,"showSkybox":false,"showFlares":true,"showImageEffects":true,"showParticleSystems":true},"in2DMode":false,"pivot":{"x":30.885446548461915,"y":2.1163439750671388,"z":-37.45124816894531},"rotation":{"x":0.19609279930591584,"y":0.7649665474891663,"z":-0.2731155455112457,"w":0.5493674278259277},"size":13.391607284545899,"orthographic":false}