{"cameraMode":{"drawMode":0,"name":"Shaded","section":"Shading Mode"},"sceneLighting":true,"audioPlay":false,"sceneViewState":{"showFog":true,"showMaterialUpdate":false,"showSkybox":true,"showFlares":true,"showImageEffects":true,"showParticleSystems":true},"in2DMode":false,"pivot":{"x":-0.782745897769928,"y":-12.056205749511719,"z":10.548738479614258},"rotation":{"x":-0.4537988007068634,"y":0.029928099364042283,"z":-0.015253125689923764,"w":-0.8904748558998108},"size":9.537421226501465,"orthographic":false}