{"cameraMode":{"drawMode":0,"name":"Shaded","section":"Shading Mode"},"sceneLighting":true,"audioPlay":false,"sceneViewState":{"showFog":true,"showMaterialUpdate":false,"showSkybox":true,"showFlares":true,"showImageEffects":true,"showParticleSystems":true},"in2DMode":false,"pivot":{"x":1.8446989059448243,"y":2.9547576904296877,"z":5.899639129638672},"rotation":{"x":-0.08498591184616089,"y":0.12875942885875703,"z":-0.011075938120484352,"w":-0.9879659414291382},"size":2.6792385578155519,"orthographic":false}